{
  "n_train": 864,
  "n_test": 217,
  "used_stratify": true,
  "accuracy": 0.7741935483870968,
  "f1_macro": 0.5535517200892333,
  "f1_weighted": 0.7921340656538194,
  "mae": 0.2304147465437788,
  "kappa": 0.6676252696070769,
  "confusion_matrix": [
    [
      0,
      0,
      1,
      0,
      0,
      0
    ],
    [
      0,
      10,
      8,
      0,
      0,
      0
    ],
    [
      0,
      17,
      72,
      0,
      0,
      0
    ],
    [
      0,
      0,
      0,
      73,
      17,
      0
    ],
    [
      0,
      0,
      0,
      4,
      11,
      1
    ],
    [
      0,
      0,
      0,
      0,
      1,
      2
    ]
  ]
}