{
  "n_train": 864,
  "n_test": 217,
  "used_stratify": true,
  "accuracy": 0.783410138248848,
  "f1_macro": 0.7020940906483076,
  "f1_weighted": 0.8043193180886813,
  "mae": 0.22119815668202766,
  "kappa": 0.6836930901873217,
  "confusion_matrix": [
    [
      1,
      0,
      0,
      0,
      0,
      0
    ],
    [
      0,
      12,
      6,
      0,
      0,
      0
    ],
    [
      0,
      18,
      71,
      0,
      0,
      0
    ],
    [
      0,
      0,
      0,
      74,
      15,
      1
    ],
    [
      0,
      0,
      0,
      4,
      10,
      2
    ],
    [
      0,
      0,
      0,
      0,
      1,
      2
    ]
  ]
}