{
  "n_train": 864,
  "n_test": 217,
  "used_stratify": true,
  "accuracy": 0.7788018433179723,
  "f1_macro": 0.5495297119501578,
  "f1_weighted": 0.7975235668483668,
  "mae": 0.2304147465437788,
  "kappa": 0.6766623207301173,
  "confusion_matrix": [
    [
      0,
      0,
      1,
      0,
      0,
      0
    ],
    [
      0,
      12,
      6,
      0,
      0,
      0
    ],
    [
      0,
      19,
      70,
      0,
      0,
      0
    ],
    [
      0,
      0,
      0,
      74,
      15,
      1
    ],
    [
      0,
      0,
      0,
      4,
      11,
      1
    ],
    [
      0,
      0,
      0,
      0,
      1,
      2
    ]
  ]
}